brand_name,model_name,price,CC,mileage,type_of_bike,weight_in_kg,top_speed,Torque (Nm),Power (bHP),links
Bajaj,CT 110,46413,115,104,Petrol Bike,117,90,,,https://www.carandbike.com/bajaj-bikes/ct-110
Bajaj ,Platina 100,52915,102,96.9,Petrol Bike,117,90,,,https://www.carandbike.com/bajaj-bikes/platina-100
Bajaj CT 100,Ct 100,40794,102,89.5,Petrol Bike,114,90,,,https://www.carandbike.com/bajaj-bikes/ct-100
Hero ,Hf-Deluxe i3s,59800,97.2,88.5,Petrol Bike,110,90,,,https://www.carandbike.com/hero-bikes/hf-deluxe-i3s
TVS ,Star-City plus,65865,109.7,86,Petrol Bike,116,90,,,https://www.carandbike.com/tvs-bikes/star-city-plus
Hero ,Passion-Pro i3s,67400,113.2,84,Petrol Bike,117,90,,,https://www.carandbike.com/hero-bikes/passion-pro-i3s
Hero,Hf deluxe,48950,97.2,83,Petrol Bike,109,85,,,https://www.carandbike.com/hero-bikes/hf-deluxe
Bajaj ,Platina 110,65930,115,80,Petrol Bike,108,90,,,https://www.carandbike.com/bajaj-bikes/platina-110
Kawasaki ,Klx 110,299500,112,80,Petrol Bike,76,50,,,https://www.carandbike.com/kawasaki-bikes/klx-110
TVS ,Sport ,52500,109.7,76.4,Petrol Bike,110,90,,,https://www.carandbike.com/tvs-bikes/sport
Hero ,Splendor ismart,65950,113.2,75,Petrol Bike,116,92,,,https://www.carandbike.com/hero-bikes/splendor-ismart
Honda,Cd-110 dream,65248,109.5,74,Petrol Bike,109,86,,,https://www.carandbike.com/honda-bikes/cd-110-dream
Honda,Livo,70799,109.5,74,Petrol Bike,115,86,,,https://www.carandbike.com/honda-bikes/livo
TVS,Victor,54042,109.7,72,Petrol Bike,112,94,,,https://www.carandbike.com/tvs-bikes/victor
Hero,Hf 100,49400,97.2,70,Petrol Bike,110,90,,,https://www.carandbike.com/hero-bikes/hf-100
Hero,Splendor plus,69380,97.2,70,Petrol Bike,110,93,,,https://www.carandbike.com/hero-bikes/splendor-plus
TVS,Radeon,59942,109.7,69,Petrol Bike,116,95,,,https://www.carandbike.com/tvs-bikes/radeon
Hero,Pleasure-Plus 110,61900,110.9,69,Petrol Bike,104,77,,,https://www.carandbike.com/hero-bikes/pleasure-plus-110
TVS,Xl 100,40990,99.7,67,Petrol Bike,88,60,,,https://www.carandbike.com/tvs-bikes/xl-100
TVS ,Raider,84573,124.8,67,Petrol Bike,123,100,,,https://www.carandbike.com/tvs-bikes/raider
Yamaha,Fascino 125,70000,125,66,Petrol Bike,99,90,,,https://www.carandbike.com/yamaha-bikes/fascino-125
Yamaha,Ray-Zr 125fi,73330,125,66,Petrol Bike,99,91,,,https://www.carandbike.com/yamaha-bikes/ray-zr-125fi
Hero,Splendor pro,49598,97.2,65,Petrol Bike,112,87,,,https://www.carandbike.com/hero-bikes/splendor-pro
TVS,Scooty-Pep plus,52554,87.8,65,Petrol Bike,95,65,,,https://www.carandbike.com/tvs-bikes/scooty-pep-plus
Hero,Maestro edge,65900,110.9,65,Petrol Bike,112,80,,,https://www.carandbike.com/hero-bikes/maestro-edge
Honda,Cb shine,72787,124.7,65,Petrol Bike,114,100,,,https://www.carandbike.com/honda-bikes/cb-shine
Honda,Sp 125,78381,124,65,Petrol Bike,117,100,,,https://www.carandbike.com/honda-bikes/sp-125
Bajaj,Pulsar 150,95872,149.5,65,Petrol Bike,144,112,,,https://www.carandbike.com/bajaj-bikes/pulsar-150
Suzuki,New-Access 125,72600,124,64,Petrol Bike,103,90,,,https://www.carandbike.com/suzuki-bikes/new-access-125
Suzuki,Gixxer,118800,154.9,64,Petrol Bike,140,115,,,https://www.carandbike.com/suzuki-bikes/gixxer
TVS,Scooty-Zest 110,59925,109.7,62,Petrol Bike,97,80,,,https://www.carandbike.com/tvs-bikes/scooty-zest-110
TVS,Jupiter,70085,109.7,62,Petrol Bike,109,85,,,https://www.carandbike.com/tvs-bikes/jupiter
Bajaj,Pulsar 125,72122,124.4,62,Petrol Bike,140,105,,,https://www.carandbike.com/bajaj-bikes/pulsar-125
Honda,Cb-Unicorn 160,98931,162.7,62,Petrol Bike,134,101.9,,,https://www.carandbike.com/honda-bikes/cb-unicorn-160
Hero,Super splendor,73900,124.7,60,Petrol Bike,123,100,,,https://www.carandbike.com/hero-bikes/super-splendor
Hero,Glamour 125,74900,124.7,60,Petrol Bike,126,91,,,https://www.carandbike.com/hero-bikes/glamour-125
TVS,Ntorq 125,77106,124.8,60,Petrol Bike,118,95,,,https://www.carandbike.com/tvs-bikes/ntorq-125
Kawasaki ,Klx 140g,406600,144,60,Petrol Bike,99,70,,,https://www.carandbike.com/kawasaki-bikes/klx-140g
Honda ,Dio,64510,109.5,55,Petrol Bike,103,83,,,https://www.carandbike.com/honda-bikes/dio
Suzuki,Avenis ,86500,124.3,55,Petrol Bike,106,90,,,https://www.carandbike.com/suzuki-bikes/avenis
Hero ,Xtreme 160r,111610,163,55,Petrol Bike,139,115,,,https://www.carandbike.com/hero-bikes/xtreme-160r
Kawasaki ,Kx 100,487800,99,55,Petrol Bike,77,75,,,https://www.carandbike.com/kawasaki-bikes/kx-100
Hero ,Destini 125,67990,124.6,54,Petrol Bike,113,80,,,https://www.carandbike.com/hero-bikes/destini-125
Honda ,Grazia,82566,124,54,Petrol Bike,107,92,,,https://www.carandbike.com/honda-bikes/grazia
Suzuki ,Burgman,84300,124,53.5,Petrol Bike,110,96,,,https://www.carandbike.com/suzuki-bikes/burgman
TVS ,Jupiter 125,73400,124.8,50,Petrol Bike,109,90,,,https://www.carandbike.com/tvs-bikes/jupiter-125
Bajaj,Pulsar-Ns 125,93818,124.4,50,Petrol Bike,144,105,,,https://www.carandbike.com/bajaj-bikes/pulsar-ns-125
Hero,Maestro-Edge 125,73450,124.6,49,Petrol Bike,110,90,,,https://www.carandbike.com/hero-bikes/maestro-edge-125
TVS,Apache-Rtr 160,112940,159.7,48,Petrol Bike,139,107,,,https://www.carandbike.com/tvs-bikes/apache-rtr-160
Yamaha,Mt 15,144900,155,48,Petrol Bike,138,130,,,https://www.carandbike.com/yamaha-bikes/mt-15
Yamaha ,Mt-15 v20,160900,155,48,Petrol Bike,139,140,,,https://www.carandbike.com/yamaha-bikes/mt-15-v20
TVS,Apache-Rtr 180,103950,177.4,47,Petrol Bike,139,113,,,https://www.carandbike.com/tvs-bikes/apache-rtr-180
Suzuki,Gixxer sf,129300,154.9,47,Petrol Bike,146,127,,,https://www.carandbike.com/suzuki-bikes/gixxer-sf
Yamaha,R15S v30,158939,155,47,Petrol Bike,142,136,,,https://www.carandbike.com/yamaha-bikes/r15s-v30
Honda,Activa 6g,69645,109.5,45,Petrol Bike,107,85,,,https://www.carandbike.com/honda-bikes/activa-6g
Honda,Activa-125 fi,72637,124,45,Petrol Bike,111,93.84,,,https://www.carandbike.com/honda-bikes/activa-125-fi
Piaggio,Vespa,91492,125,45,Petrol Bike,114,90,,,https://www.carandbike.com/piaggio-bikes/vespa
Yamaha,Fz-V30 fi,99200,149,45,Petrol Bike,137,112,,,https://www.carandbike.com/yamaha-bikes/fz-v30-fi
Bajaj,Avenger-Street 160,101094,160.3,45,Petrol Bike,156,105,,,https://www.carandbike.com/bajaj-bikes/avenger-street-160
Bajaj,Avenger-Street 220,103891,220,45,Petrol Bike,150,120,,,https://www.carandbike.com/bajaj-bikes/avenger-street-220
Bajaj,Pulsar 180,108000,178.6,45,Petrol Bike,151,122,,,https://www.carandbike.com/bajaj-bikes/pulsar-180
Bajaj,Pulsar ns160,110086,160.3,45,Petrol Bike,151,120,,,https://www.carandbike.com/bajaj-bikes/pulsar-ns160
Honda,X blade,111895,162.7,45,Petrol Bike,143,120,,,https://www.carandbike.com/honda-bikes/x-blade
Yamaha,Fz-S-V30 fi,115900,149,45,Petrol Bike,135,115,,,https://www.carandbike.com/yamaha-bikes/fz-s-v30-fi
Yamaha,Fz x,116800,149,45,Petrol Bike,139,115,,,https://www.carandbike.com/yamaha-bikes/fz-x
Piaggio,Vespa 150,122664,154.8,45,Petrol Bike,114,90,,,https://www.carandbike.com/piaggio-bikes/vespa-150
Royal Enfield,Bullet 350,127094,346,45,Petrol Bike,183,110,,,https://www.carandbike.com/royal-enfield-bikes/bullet-350
Yamaha,Aerox 155,129000,155,45,Petrol Bike,122,120,,,https://www.carandbike.com/yamaha-bikes/aerox-155
TVS Apache,Apache-Rtr-165 rp,145001,164.9,45,Petrol Bike,148,123,,,https://www.carandbike.com/tvs-bikes/apache-rtr-165-rp
Yamaha,Yzf-R15 v40,170800,155,45,Petrol Bike,142,140,,,https://www.carandbike.com/yamaha-bikes/yzf-r15-v40
Royal Enfield ,Himalayan,210784,411,45,Petrol Bike,191,145,,,https://www.carandbike.com/royal-enfield-bikes/himalayan
Suzuki ,Intruder ,126500,154.9,44,Petrol Bike,152,115,,,https://www.carandbike.com/suzuki-bikes/intruder
Hero ,Xpulse 200t,115800,199.6,43,Petrol Bike,154,115,,,https://www.carandbike.com/hero-bikes/xpulse-200t
Yamaha,Fz 25,134800,249,43,Petrol Bike,153,134,,,https://www.carandbike.com/yamaha-bikes/fz-25
Yamaha ,Fzs 25,143300,249,43,Petrol Bike,154,134,,,https://www.carandbike.com/yamaha-bikes/fzs-25
Yamaha,Fazer 25,144180,249,43,Petrol Bike,154,134,,,https://www.carandbike.com/yamaha-bikes/fazer-25
Hero ,Xpulse 200,118230,199.6,42,Petrol Bike,157,134,,,https://www.carandbike.com/hero-bikes/xpulse-200
TVS ,Apache-Rtr-200-Fi e100,120000,197.8,42,Petrol Bike,152,129,,,https://www.carandbike.com/tvs-bikes/apache-rtr-200-fi-e100
Honda,H-Ness-Cb 350,196239,348.4,42,Petrol Bike,181,125,,,https://www.carandbike.com/honda-bikes/h-ness-cb-350
Royal Enfield ,Meteor 350,205844,349,41.88,Petrol Bike,183,120,,,https://www.carandbike.com/royal-enfield-bikes/meteor-350
KTM,Rc 125,180538,124.7,41.3,Petrol Bike,135,120,,,https://www.carandbike.com/ktm-bikes/rc-125
Aprilia,Sr 150,75733,154.8,40,Petrol Bike,122,95,,,https://www.carandbike.com/aprilia-bikes/sr-150
Aprilia ,Storm 125,85431,124.5,40,Petrol Bike,122,90,,,https://www.carandbike.com/aprilia-bikes/storm-125
Aprilia ,Sr 125,107595,125,40,Petrol Bike,122,90,,,https://www.carandbike.com/aprilia-bikes/sr-125
Aprilia ,Sxr 125,115000,125,40,Petrol Bike,129,90,,,https://www.carandbike.com/aprilia-bikes/sxr-125
Bajaj,Avenger-Cruise 220,122630,220,40,Petrol Bike,159,120,,,https://www.carandbike.com/bajaj-bikes/avenger-cruise-220
Bajaj,Pulsar 220,123245,220,40,Petrol Bike,155,120,,,https://www.carandbike.com/bajaj-bikes/pulsar-220
Hero,Xpulse-200 4v,130150,199.6,40,Petrol Bike,158,115,,,https://www.carandbike.com/hero-bikes/xpulse-200-4v
Honda,Hornet 20,132238,184.4,40,Petrol Bike,142,130,,,https://www.carandbike.com/honda-bikes/hornet-20
Bajaj ,Pulsar f250,140000,249.1,40,Petrol Bike,164,130,,,https://www.carandbike.com/bajaj-bikes/pulsar-f250
Honda,Cb200X,144500,184.4,40,Petrol Bike,147,130,,,https://www.carandbike.com/honda-bikes/cb200x
Suzuki ,Gixxer-Sf 250,181900,249,38.5,Petrol Bike,161,117,,,https://www.carandbike.com/suzuki-bikes/gixxer-sf-250
Suzuki,Gixxer 250,171200,249,38,Petrol Bike,156,122.73,,,https://www.carandbike.com/suzuki-bikes/gixxer-250
JAWA,Forty two,171415,293,37.5,Petrol Bike,170,120,,,https://www.carandbike.com/jawa-bikes/forty-two
JAWA,300-,180415,293,37.5,Petrol Bike,170,120,,,https://www.carandbike.com/jawa-bikes/300
Royal Enfield,Classic 350,184374,349,37,Petrol Bike,195,115,,,https://www.carandbike.com/royal-enfield-bikes/classic-350
JAWA,42-,193142,293,37,Petrol Bike,170,129.46,,,https://www.carandbike.com/jawa-bikes/42
Benelli,Leoncino 250,250000,249,37,Petrol Bike,162,154,,,https://www.carandbike.com/benelli-bikes/leoncino-250
Hero,Xtreme 200s,120214,199.6,36.9,Petrol Bike,155,115,,,https://www.carandbike.com/hero-bikes/xtreme-200s
Aprilia,Sr 160,117494,160,35,Petrol Bike,122,95,,,https://www.carandbike.com/aprilia-bikes/sr-160
Aprilia,Sxr 160,126000,160,35,Petrol Bike,129,100,,,https://www.carandbike.com/aprilia-bikes/sxr-160
Bajaj,Pulsar-200 ns,131219,199.5,35,Petrol Bike,152,136,,,https://www.carandbike.com/bajaj-bikes/pulsar-200-ns
Bajaj ,Pulsar n250,138000,249.1,35,Petrol Bike,162,130,,,https://www.carandbike.com/bajaj-bikes/pulsar-n250
Bajaj,Pulsar-Rs 200,152179,199.5,35,Petrol Bike,165,140.8,,,https://www.carandbike.com/bajaj-bikes/pulsar-rs-200
Bajaj ,Dominar 250,154176,248.8,35,Petrol Bike,180,132,,,https://www.carandbike.com/bajaj-bikes/dominar-250
KTM,200 duke,190000,199.5,35,Petrol Bike,159,142,,,https://www.carandbike.com/ktm-bikes/200-duke
Honda,Cb-350 rs,196006,348.4,35,Petrol Bike,179,135,,,https://www.carandbike.com/honda-bikes/cb-350-rs
JAWA,Perak,208187,334,35,Petrol Bike,175,140,,,https://www.carandbike.com/jawa-bikes/perak
KTM,Rc 200,213000,199.5,35,Petrol Bike,151,170,,,https://www.carandbike.com/ktm-bikes/rc-200
Husqvarna,Vitpilen 250,215000,248.8,35,Petrol Bike,152,157,,,https://www.carandbike.com/husqvarna-bikes/vitpilen-250
Husqvarna,Svartpilen 250,218000,248.8,35,Petrol Bike,154,157,,,https://www.carandbike.com/husqvarna-bikes/svartpilen-250
KTM,250 adventure,242000,248,35,Petrol Bike,177,140,,,https://www.carandbike.com/ktm-bikes/250-adventure
KTM,390 duke,287545,373.2,35,Petrol Bike,167,167,,,https://www.carandbike.com/ktm-bikes/390-duke
KTM,Rc 390,314000,373.2,35,Petrol Bike,147,200,,,https://www.carandbike.com/ktm-bikes/rc-390
KTM,125 duke,176000,124.7,34.5,Petrol Bike,148,120,,,https://www.carandbike.com/ktm-bikes/125-duke
Cleveland Cyclewerks,Ace deluxe,223000,229,33.98,Petrol Bike,133,113,,,https://www.carandbike.com/cleveland-cyclewerks-bikes/ace-deluxe
Suzuki V-Stro,V-Strom-Sx 250,211600,249,33,Petrol Bike,167,150,,,https://www.carandbike.com/suzuki-bikes/v-strom-sx-250
CFMoto,300Nk,229000,292.4,33,Petrol Bike,151,150,,,https://www.carandbike.com/cfmoto-bikes/300nk
TVS,Apache-Rtr-200 4v,129315,197.8,32,Petrol Bike,149,127,,,https://www.carandbike.com/tvs-bikes/apache-rtr-200-4v
Benelli,Imperiale 400,189799,374,31.25,Petrol Bike,205,120,,,https://www.carandbike.com/benelli-bikes/imperiale-400
Benelli,Trk 502,486000,500,30.97,Petrol Bike,235,160,,,https://www.carandbike.com/benelli-bikes/trk-502
Honda,Cb300R,277000,286,30.2,Petrol Bike,146,160,,,https://www.carandbike.com/honda-bikes/cb300r
TVS,Apache-Rtr-160 4v,111565,159.7,30,Petrol Bike,145,113,,,https://www.carandbike.com/tvs-bikes/apache-rtr-160-4v
Yamaha,R15 v30,157600,155,30,Petrol Bike,142,136,,,https://www.carandbike.com/yamaha-bikes/r15-v30
Yezdi,Roadster,198142,334,30,Petrol Bike,184,140,,,https://www.carandbike.com/yezdi-bikes/roadster
Royal Enfield,Scram 411,203000,411,30,Petrol Bike,185,140,,,https://www.carandbike.com/royal-enfield-bikes/scram-411
Yezdi,Scrambler,204900,334,30,Petrol Bike,182,140,,,https://www.carandbike.com/yezdi-bikes/scrambler
Yezdi,Adventure,209900,334,30,Petrol Bike,188,142,,,https://www.carandbike.com/yezdi-bikes/adventure
KTM ,250 duke,228736,248.8,30,Petrol Bike,169,142,,,https://www.carandbike.com/ktm-bikes/250-duke
Cleveland Cyclewerks ,Misfit ,249000,229,30,Petrol Bike,133,110,,,https://www.carandbike.com/cleveland-cyclewerks-bikes/misfit
BMW,G-310 r,250000,313,30,Petrol Bike,158,153,,,https://www.carandbike.com/bmw-bikes/g-310-r
TVS,Apache-Rr 310,259000,312.2,30,Petrol Bike,170,160,,,https://www.carandbike.com/tvs-bikes/apache-rr-310
BMW,G-310 gs,290000,313,30,Petrol Bike,169,141,,,https://www.carandbike.com/bmw-bikes/g-310-gs
Honda,Cb500X,687386,471,28.6,Petrol Bike,199,182,,,https://www.carandbike.com/honda-bikes/cb500x
BMW,C-400 gt,995000,350,28.6,Petrol Bike,202,139,,,https://www.carandbike.com/bmw-bikes/c-400-gt
Royal Enfield,Classic chrome,188868,499,27,Petrol Bike,194,130,,,https://www.carandbike.com/royal-enfield-bikes/classic-chrome
Bajaj,Dominar-400 2019,202755,373.3,27,Petrol Bike,184,156,,,https://www.carandbike.com/bajaj-bikes/dominar-400-2019
Triumph ,Bonneville t100,949000,900,26.3,Petrol Bike,228,160,,,https://www.carandbike.com/triumph-bikes/bonneville-t100
Kawasaki,Z250,308000,249,26,Petrol Bike,168,200,,,https://www.carandbike.com/kawasaki-bikes/z250
Kawasaki,Ninja 300,337000,296,26,Petrol Bike,179,182,,,https://www.carandbike.com/kawasaki-bikes/ninja-300
FB Mondial,Hps 300,337000,249,26,Petrol Bike,135,141,,,https://www.carandbike.com/fb-mondial-bikes/hps-300
Royal Enfield,Interceptor 650,281518,648,25.5,Petrol Bike,202,170,,,https://www.carandbike.com/royal-enfield-bikes/interceptor-650
Royal Enfield,Continental-Gt 650,298079,648,25.5,Petrol Bike,198,161,,,https://www.carandbike.com/royal-enfield-bikes/continental-gt-650
Triumph,Trident 660,745000,660,25.5,Petrol Bike,189,212,,,https://www.carandbike.com/triumph-bikes/trident-660
Suzuki,V-Strom 650xt,884000,645,25.2,Petrol Bike,216,190,,,https://www.carandbike.com/suzuki-bikes/v-strom-650xt
Mahindra,Mojo,199000,295,25,Petrol Bike,186,160,,,https://www.carandbike.com/mahindra-bikes/mojo
KTM,390 adventure,335000,373,25,Petrol Bike,158,185,,,https://www.carandbike.com/ktm-bikes/390-adventure
Kawasaki,Ninja 400,499000,399,25,Petrol Bike,173,253,,,https://www.carandbike.com/kawasaki-bikes/ninja-400
Kawasaki,Kx250F,799000,249,25,Petrol Bike,104,130,,,https://www.carandbike.com/kawasaki-bikes/kx250f
Kawasaki,Kx 450,859000,449,25,Petrol Bike,110,151,,,https://www.carandbike.com/kawasaki-bikes/kx-450
Honda,Cb-650 r,867275,648.7,25,Petrol Bike,206,189,,,https://www.carandbike.com/honda-bikes/cb-650-r
Honda,Cbr650R,935000,648.7,25,Petrol Bike,211,213,,,https://www.carandbike.com/honda-bikes/cbr650r
Indian,Scout sixty,1099500,999,25,Petrol Bike,254,222,,,https://www.carandbike.com/indian-bikes/scout-sixty
Indian,Scout,1269500,1131,25,Petrol Bike,244,241,,,https://www.carandbike.com/indian-bikes/scout
Benelli,Trk 251,251000,249,24.39,Petrol Bike,164,143,,,https://www.carandbike.com/benelli-bikes/trk-251
Benelli,Leoncino,470000,500,24,Petrol Bike,150,184,,,https://www.carandbike.com/benelli-bikes/leoncino
BMW,F900R,1080000,895,24,Petrol Bike,211,193,,,https://www.carandbike.com/bmw-bikes/f900r
Harley-Davidson,1200 custom,1089000,1202,24,Petrol Bike,268,242,,,https://www.carandbike.com/harley-davidson-bikes/1200-custom
Triumph,Tiger-850 sport,1195000,888,24,Petrol Bike,192,250,,,https://www.carandbike.com/triumph-bikes/tiger-850-sport
Triumph ,Bonneville bobber,1225000,1200,24,Petrol Bike,251,231,,,https://www.carandbike.com/triumph-bikes/bonneville-bobber
BMW,F900Xr,1230000,895,24,Petrol Bike,219,203,,,https://www.carandbike.com/bmw-bikes/f900xr
Ducati,Multistrada-1200 enduro,1799000,1198.4,24,Petrol Bike,254,211,,,https://www.carandbike.com/ducati-bikes/multistrada-1200-enduro
Kawasaki,Ninja-Zx 6r,1049000,636,23.59,Petrol Bike,196,296,,,https://www.carandbike.com/kawasaki-bikes/ninja-zx-6r
Triumph,Speedmaster,1195000,1200,23.25,Petrol Bike,263,183,,,https://www.carandbike.com/triumph-bikes/speedmaster
Kawasaki,Z650Rs,672000,649,23.2,Petrol Bike,192,230,,,https://www.carandbike.com/kawasaki-bikes/z650rs
Kawasaki,Vulcan s,616000,649,23,Petrol Bike,235,189,,,https://www.carandbike.com/kawasaki-bikes/vulcan-s
Kawasaki,Klx 450r,899000,449,23,Petrol Bike,126,213,,,https://www.carandbike.com/kawasaki-bikes/klx-450r
KTM,790 duke,863945,799,22.72,Petrol Bike,169,222,,,https://www.carandbike.com/ktm-bikes/790-duke
Kawasaki,Versys-X 300,469000,296,22,Petrol Bike,184,241,,,https://www.carandbike.com/kawasaki-bikes/versys-x-300
Triumph,Tiger-Sport 660,895000,660,22,Petrol Bike,206,143,,,https://www.carandbike.com/triumph-bikes/tiger-sport-660
BMW,750 gs,899000,853,22,Petrol Bike,224,184,,,https://www.carandbike.com/bmw-bikes/750-gs
BMW,850 gs,1250000,853,22,Petrol Bike,229,193,,,https://www.carandbike.com/bmw-bikes/850-gs
Triumph,Speed-Triple-1200 rs,1695000,1160,22,Petrol Bike,198,242,,,https://www.carandbike.com/triumph-bikes/speed-triple-1200-rs
BMW,R-Nine t,1850000,1170,22,Petrol Bike,208,250,,,https://www.carandbike.com/bmw-bikes/r-nine-t
CFMoto ,650Nk,429000,649,21,Petrol Bike,206,231,,,https://www.carandbike.com/cfmoto-bikes/650nk
Kawasaki,Ninja 650,668000,649,21,Petrol Bike,196,203,,,https://www.carandbike.com/kawasaki-bikes/ninja-650
Triumph,Thruxton r,1192000,1200,21,Petrol Bike,203,211,,,https://www.carandbike.com/triumph-bikes/thruxton-r
BMW,R-1250 r,1625000,1254,21,Petrol Bike,239,296,,,https://www.carandbike.com/bmw-bikes/r-1250-r
BMW,S-1000 r,1790000,999,21,Petrol Bike,199,183,,,https://www.carandbike.com/bmw-bikes/s-1000-r
BMW,R-1250 gs,2045000,1254,21,Petrol Bike,249,230,,,https://www.carandbike.com/bmw-bikes/r-1250-gs
BMW ,R-1250-Gs adventure,2240000,1254,21,Petrol Bike,268,189,,,https://www.carandbike.com/bmw-bikes/r-1250-gs-adventure
BMW,R-1250 rt,2250000,1254,21,Petrol Bike,279,213,,,https://www.carandbike.com/bmw-bikes/r-1250-rt
Triumph ,Speed twin,1099000,1200,20.8,Petrol Bike,216,222,,,https://www.carandbike.com/triumph-bikes/speed-twin
Triumph ,Scrambler 1200,1073000,1200,20.4,Petrol Bike,225,241,,,https://www.carandbike.com/triumph-bikes/scrambler-1200
Aprilia,Tuono 660,1309000,659,20.4,Petrol Bike,183,143,,,https://www.carandbike.com/aprilia-bikes/tuono-660
Aprilia,Rs 660,1339000,659,20.4,Petrol Bike,183,184,,,https://www.carandbike.com/aprilia-bikes/rs-660
Moto Guzzi,V85 tt,1540000,853,20.4,Petrol Bike,229,193,,,https://www.carandbike.com/moto-guzzi-bikes/v85-tt
Honda ,Crf1100L-Africa twin,1601500,1084,20.4,Petrol Bike,239,242,,,https://www.carandbike.com/honda-bikes/crf1100l-africa-twin
Benelli,Bn 302r,310000,300,20,Petrol Bike,198,250,,,https://www.carandbike.com/benelli-bikes/bn-302r
Benelli,502C ,498000,500,20,Petrol Bike,216,231,,,https://www.carandbike.com/benelli-bikes/502c
CFMoto,650Mt ,529000,649,20,Petrol Bike,218,203,,,https://www.carandbike.com/cfmoto-bikes/650mt
CFMoto 650GT,650Gt,559000,649.3,20,Petrol Bike,226,211,,,https://www.carandbike.com/cfmoto-bikes/650gt
Kawasaki,Versys 650,715000,649,20,Petrol Bike,216,296,,,https://www.carandbike.com/kawasaki-bikes/versys-650
Ducati ,Scrambler,799000,803,20,Petrol Bike,173,183,,,https://www.carandbike.com/ducati-bikes/scrambler
Harley-Davidson,Iron 883,938000,883,20,Petrol Bike,256,230,,,https://www.carandbike.com/harley-davidson-bikes/iron-883
Ducati,Scrambler-Desert sled,980000,803,20,Petrol Bike,191,189,,,https://www.carandbike.com/ducati-bikes/scrambler-desert-sled
Harley-Davidson,Forty eight,1061000,1202,20,Petrol Bike,252,213,,,https://www.carandbike.com/harley-davidson-bikes/forty-eight
Harley-Davidson,Roadster,1099000,1202,20,Petrol Bike,250,222,,,https://www.carandbike.com/harley-davidson-bikes/roadster
Ducati,Hypermotard,1112000,937,20,Petrol Bike,204,241,,,https://www.carandbike.com/ducati-bikes/hypermotard
Ducati ,Hyperstrada,1215000,937,20,Petrol Bike,210,143,,,https://www.carandbike.com/ducati-bikes/hyperstrada
Ducati ,Supersport,1349000,937,20,Petrol Bike,210,184,,,https://www.carandbike.com/ducati-bikes/supersport
BMW,R-1200 r,1505000,1170,20,Petrol Bike,232,193,,,https://www.carandbike.com/bmw-bikes/r-1200-r
BMW,R-1200 rs,1555000,1170,20,Petrol Bike,236,242,,,https://www.carandbike.com/bmw-bikes/r-1200-rs
Kawasaki,Z900Rs,1570000,948,20,Petrol Bike,215,250,,,https://www.carandbike.com/kawasaki-bikes/z900rs
BMW,R-Ninet scrambler,1675000,1197,20,Petrol Bike,220,231,,,https://www.carandbike.com/bmw-bikes/r-ninet-scrambler
BMW,R-1200-Gs adventure,1725000,1170,20,Petrol Bike,263,203,,,https://www.carandbike.com/bmw-bikes/r-1200-gs-adventure
BMW,R-1200 rt,1835000,1170,20,Petrol Bike,276,211,,,https://www.carandbike.com/bmw-bikes/r-1200-rt
Yamaha,Yzf r1,2039233,998,20,Petrol Bike,200,296,,,https://www.carandbike.com/yamaha-bikes/yzf-r1
Indian,Chief-Dark horse,2075922,1890,20,Petrol Bike,304,183,,,https://www.carandbike.com/indian-bikes/chief-dark-horse
Indian,Chief classic,2129500,1811,20,Petrol Bike,357,230,,,https://www.carandbike.com/indian-bikes/chief-classic
BMW,S-1000 xr,2130000,999,20,Petrol Bike,216,189,,,https://www.carandbike.com/bmw-bikes/s-1000-xr
Indian,Chief-Bobber-Dark horse,2139925,1890,20,Petrol Bike,315,213,,,https://www.carandbike.com/indian-bikes/chief-bobber-dark-horse
Indian,Chief vintage,2532500,1811,20,Petrol Bike,379,222,,,https://www.carandbike.com/indian-bikes/chief-vintage
Indian,Chieftain,3201000,1811,20,Petrol Bike,389,241,,,https://www.carandbike.com/indian-bikes/chieftain
Ducati,Scrambler 1100,1099000,1079,19.2,Petrol Bike,189,143,,,https://www.carandbike.com/ducati-bikes/scrambler-1100
Ducati,Multistrada 1260,1599000,1262,19.2,Petrol Bike,232,184,,,https://www.carandbike.com/ducati-bikes/multistrada-1260
Triumph,Street triple,915000,765,19.1,Petrol Bike,166,193,,,https://www.carandbike.com/triumph-bikes/street-triple
Benelli,Tnt 600i,620000,600,19,Petrol Bike,231,242,,,https://www.carandbike.com/benelli-bikes/tnt-600i
Yamaha,Mt 09,1055354,847,19,Petrol Bike,193,250,,,https://www.carandbike.com/yamaha-bikes/mt-09
Avantura Choppers,Rudra,2390000,2025.7,19,Petrol Bike,344,231,,,https://www.carandbike.com/avantura-choppers-bikes/rudra
Ducati,Monster 797,803000,803,18.86,Petrol Bike,193,203,,,https://www.carandbike.com/ducati-bikes/monster-797
Ducati,Monster,1099000,937,18.8,Petrol Bike,188,211,,,https://www.carandbike.com/ducati-bikes/monster
Ducati,Diavel 1260,1849000,1262,18.5,Petrol Bike,244,296,,,https://www.carandbike.com/ducati-bikes/diavel-1260
Kawasaki,z650,624000,649,18,Petrol Bike,186,183,,,https://www.carandbike.com/kawasaki-bikes/z650
Triumph,Street twin,795000,900,18,Petrol Bike,216,230,,,https://www.carandbike.com/triumph-bikes/street-twin
Triumph,Street scrambler,935000,900,18,Petrol Bike,223,189,,,https://www.carandbike.com/triumph-bikes/street-scrambler
Triumph,Bonneville t120,1099000,1200,18,Petrol Bike,217,213,,,https://www.carandbike.com/triumph-bikes/bonneville-t120
Honda ,Cb1000R plus,1446657,998,18,Petrol Bike,213,222,,,https://www.carandbike.com/honda-bikes/cb1000r-plus
Ducati ,959 panigale,1469000,955,18,Petrol Bike,200,241,,,https://www.carandbike.com/ducati-bikes/959-panigale
Moto Guzzi ,V9 roamer,1479000,850,18,Petrol Bike,199,143,,,https://www.carandbike.com/moto-guzzi-bikes/v9-roamer
Moto Guzzi,V9 bobber,1479000,850,18,Petrol Bike,199,184,,,https://www.carandbike.com/moto-guzzi-bikes/v9-bobber
Ducati ,Multistrada 1200,1532000,1198.4,18,Petrol Bike,232,193,,,https://www.carandbike.com/ducati-bikes/multistrada-1200
BMW,R 1200,1585000,1170,18,Petrol Bike,244,242,,,https://www.carandbike.com/bmw-bikes/r-1200
Indian,Ftr 1200,1599000,1203,18,Petrol Bike,218,250,,,https://www.carandbike.com/indian-bikes/ftr-1200
Honda,Cbr 1000rr,1643309,999,18,Petrol Bike,195,231,,,https://www.carandbike.com/honda-bikes/cbr-1000rr
Harley-Davidson,Pan-America 1250,1690000,1252,18,Petrol Bike,242,203,,,https://www.carandbike.com/harley-davidson-bikes/pan-america-1250
MV Agusta,Brutale 800,1698553,798,18,Petrol Bike,175,211,,,https://www.carandbike.com/mv-agusta-bikes/brutale-800
Triumph,Tiger 1200,1919000,1160,18,Petrol Bike,245,296,,,https://www.carandbike.com/triumph-bikes/tiger-1200
Kawasaki,Ninja-Zx 14r,1970000,1441,18,Petrol Bike,269,183,,,https://www.carandbike.com/kawasaki-bikes/ninja-zx-14r
MV Agusta,Brutale-800 rr,2052356,798,18,Petrol Bike,175,230,,,https://www.carandbike.com/mv-agusta-bikes/brutale-800-rr
Avantura Choppers,Pravega bikes,2140000,2025.7,18,Petrol Bike,347,189,,,https://www.carandbike.com/avantura-choppers-bikes/pravega
Indian ,Chieftain-Dark horse,2999000,1811,18,Petrol Bike,377,213,,,https://www.carandbike.com/indian-bikes/chieftain-dark-horse
Indian ,Chieftain elite,3800000,1811,18,Petrol Bike,388,222,,,https://www.carandbike.com/indian-bikes/chieftain-elite
BMW,R 18,1990000,1802,17.8,Petrol Bike,345,241,,,https://www.carandbike.com/bmw-bikes/r-18
Kawasaki,Ninja 1000,1151000,1043,17,Petrol Bike,238,143,,,https://www.carandbike.com/kawasaki-bikes/ninja-1000
Triumph,Tiger 900,1370000,888,17,Petrol Bike,194,184,,,https://www.carandbike.com/triumph-bikes/tiger-900
BMW,S-1000 rr,1950000,999,17,Petrol Bike,197,193,,,https://www.carandbike.com/bmw-bikes/s-1000-rr
MV Agusta,Turismo-Veloce 800,2080665,798,17,Petrol Bike,191,242,,,https://www.carandbike.com/mv-agusta-bikes/turismo-veloce-800
Harley-Davidson,Road king,2499000,1745,17,Petrol Bike,362,250,,,https://www.carandbike.com/harley-davidson-bikes/road-king
Honda,Crf1000L-Africa twin,1350000,999.1,16,Petrol Bike,243,231,,,https://www.carandbike.com/honda-bikes/crf1000l-africa-twin
Ducati ,Multistrada v2,1465000,937,16,Petrol Bike,230,203,,,https://www.carandbike.com/ducati-bikes/multistrada-v2
Ducati,Multistrada 950,1549000,937,16,Petrol Bike,230,211,,,https://www.carandbike.com/ducati-bikes/multistrada-950
Ducati,Panigale v2,1748826,955,16,Petrol Bike,197,296,,,https://www.carandbike.com/ducati-bikes/panigale-v2
BMW,M-1000 rr,4200000,999,15.4,Petrol Bike,192,183,,,https://www.carandbike.com/bmw-bikes/m-1000-rr
Kawasaki,z900,850000,948,15,Petrol Bike,208,230,,,https://www.carandbike.com/kawasaki-bikes/z900
Harley-Davidson,Street bob,1259000,1745,15,Petrol Bike,286,189,,,https://www.carandbike.com/harley-davidson-bikes/street-bob
Harley-Davidson,Softail-Low rider,1375000,1745,15,Petrol Bike,300,213,,,https://www.carandbike.com/harley-davidson-bikes/softail-low-rider
Harley-Davidson,Fat bob,1459000,1745,15,Petrol Bike,296,222,,,https://www.carandbike.com/harley-davidson-bikes/fat-bob
Kawasaki,z1000,1510000,1043,15,Petrol Bike,221,241,,,https://www.carandbike.com/kawasaki-bikes/z1000
Kawasaki,Ninja-Zx 10r,1537000,998,15,Petrol Bike,206,143,,,https://www.carandbike.com/kawasaki-bikes/ninja-zx-10r
Kawasaki,z1000r,1610000,1043,15,Petrol Bike,221,184,,,https://www.carandbike.com/kawasaki-bikes/z1000r
Ducati ,xdiavel,1648000,1262,15,Petrol Bike,247,193,,,https://www.carandbike.com/ducati-bikes/xdiavel
Kawasaki,Ninja-Zx 10rr,1698000,998,15,Petrol Bike,206,242,,,https://www.carandbike.com/kawasaki-bikes/ninja-zx-10rr
Harley-Davidson,Fat boy,1825000,1868,15,Petrol Bike,304,250,,,https://www.carandbike.com/harley-davidson-bikes/fat-boy
Harley-Davidson,Softail deluxe,1865000,1745,15,Petrol Bike,316,231,,,https://www.carandbike.com/harley-davidson-bikes/softail-deluxe
Harley-Davidson,Heritage-Softail classic,1971000,1745,15,Petrol Bike,316,203,,,https://www.carandbike.com/harley-davidson-bikes/heritage-softail-classic
Ducati ,Monster 1200,2010000,1198,15,Petrol Bike,211,211,,,https://www.carandbike.com/ducati-bikes/monster-1200
MV Agusta,Brutale 1090,2102268,1078,15,Petrol Bike,183,296,,,https://www.carandbike.com/mv-agusta-bikes/brutale-1090
Kawasaki,Z h2,2190000,998,15,Petrol Bike,239,183,,,https://www.carandbike.com/kawasaki-bikes/z-h2
Kawasaki ,Ninja-H2 sx,2289000,998,15,Petrol Bike,256,230,,,https://www.carandbike.com/kawasaki-bikes/ninja-h2-sx
Moto Guzzi ,Audace,2314000,1380,15,Petrol Bike,299,189,,,https://www.carandbike.com/moto-guzzi-bikes/audace
BMW,K-1600 b,2810000,1649,15,Petrol Bike,350,213,,,https://www.carandbike.com/bmw-bikes/k-1600-b
Kawasaki,Ninja-H2-Sx se,2819000,998,15,Petrol Bike,260,222,,,https://www.carandbike.com/kawasaki-bikes/ninja-h2-sx-se
BMW,K 1600,2830000,1649,15,Petrol Bike,350,241,,,https://www.carandbike.com/bmw-bikes/k-1600
Moto Guzzi,Mgx 21,3026000,1380,15,Petrol Bike,341,143,,,https://www.carandbike.com/moto-guzzi-bikes/mgx-21
Harley-Davidson,Street-Glide special,3053000,1745,15,Petrol Bike,361,184,,,https://www.carandbike.com/harley-davidson-bikes/street-glide-special
Harley-Davidson,Road-Glide special,3299000,1745,15,Petrol Bike,372,193,,,https://www.carandbike.com/harley-davidson-bikes/road-glide-special
Kawasaki,Ninja h2,3499000,998,15,Petrol Bike,238,242,,,https://www.carandbike.com/kawasaki-bikes/ninja-h2
MV Agusta,F4 rr,3883000,998,15,Petrol Bike,190,250,,,https://www.carandbike.com/mv-agusta-bikes/f4-rr
Indian,Roadmaster,3900000,1811,15,Petrol Bike,421,231,,,https://www.carandbike.com/indian-bikes/roadmaster
Indian Roadmaster Elite,Roadmaster elite,4800000,1811,15,Petrol Bike,433,203,,,https://www.carandbike.com/indian-bikes/roadmaster-elite
Ducati,1299 panigale,5182000,1285,15,Petrol Bike,190,211,,,https://www.carandbike.com/ducati-bikes/1299-panigale
Kawasaki,Ninja h2r,7990000,998,15,Petrol Bike,216,296,,,https://www.carandbike.com/kawasaki-bikes/ninja-h2r
MV Agusta,Dragster-800 rr,2052356,798,14.9,Petrol Bike,168,183,,,https://www.carandbike.com/mv-agusta-bikes/dragster-800-rr
Ducati,Panigale v4,2350000,1103,14.5,Petrol Bike,195,230,,,https://www.carandbike.com/ducati-bikes/panigale-v4
Ducati,Multistrada v4,1899000,1158,14.3,Petrol Bike,232,189,,,https://www.carandbike.com/ducati-bikes/multistrada-v4
Kawasaki,W800 street,733000,773,14,Petrol Bike,221,213,,,https://www.carandbike.com/kawasaki-bikes/w800-street
Kawasaki,Versys 1000,1172000,1043,14,Petrol Bike,255,222,,,https://www.carandbike.com/kawasaki-bikes/versys-1000
Indian,Scout bobber,1199000,1133,14,Petrol Bike,245,241,,,https://www.carandbike.com/indian-bikes/scout-bobber
Aprilia,Tuono v4,2066000,1077,14,Petrol Bike,209,143,,,https://www.carandbike.com/aprilia-bikes/tuono-v4
MV Agusta,F3-800 rc,2149086,798,14,Petrol Bike,173,184,,,https://www.carandbike.com/mv-agusta-bikes/f3-800-rc
Indian,Super-Chief limited,2282155,1890,14,Petrol Bike,324,193,,,https://www.carandbike.com/indian-bikes/super-chief-limited
Moto Guzzi,Eldorado,2367000,1380,14,Petrol Bike,314,242,,,https://www.carandbike.com/moto-guzzi-bikes/eldorado
Indian,Springfield,3350000,1811,14,Petrol Bike,391,250,,,https://www.carandbike.com/indian-bikes/springfield
Honda,Gold wing,3971822,1833,14,Petrol Bike,390,231,,,https://www.carandbike.com/honda-bikes/gold-wing
Ducati,Streetfighter v4,1999000,1103,13.2,Petrol Bike,199,203,,,https://www.carandbike.com/ducati-bikes/streetfighter-v4
Ducati,Monster 821,1099000,821,13,Petrol Bike,205,211,,,https://www.carandbike.com/ducati-bikes/monster-821
Triumph,Rocket 3,1990000,2458,13,Petrol Bike,291,296,,,https://www.carandbike.com/triumph-bikes/rocket-3
BMW,K-1600 gtl,2930000,1649,13,Petrol Bike,332,183,,,https://www.carandbike.com/bmw-bikes/k-1600-gtl
Aprilia,Rsv bikes/rsv4,2369000,1099,12,Petrol Bike,202,230,,,https://www.carandbike.com/aprilia-bikes/rsv4
Harley-Davidson,Sportster s,1551000,1252,11.8,Petrol Bike,228,191,,,https://www.carandbike.com/harley-davidson-bikes/sportster-s
Suzuki,Hayabusa bikes/hayabusa,1640000,1340,11,Petrol Bike,266,312,,,https://www.carandbike.com/suzuki-bikes/hayabusa
Ducati,Hypermotard 950,1402278,937,9,Petrol Bike,176,210,,,https://www.carandbike.com/ducati-bikes/hypermotard-950
Harley-Davidson,Cvo limited,4999000,1923,8,Petrol Bike,411,253,,,https://www.carandbike.com/harley-davidson-bikes/cvo-limited
